{"cameraMode":{"drawMode":0,"name":"Shaded","section":"Shading Mode"},"sceneLighting":false,"audioPlay":false,"sceneViewState":{"m_AlwaysRefresh":false,"showFog":true,"showSkybox":false,"showFlares":true,"showImageEffects":true,"showParticleSystems":true,"showVisualEffectGraphs":true,"m_FxEnabled":true},"in2DMode":false,"pivot":{"x":0.27752378582954409,"y":0.018242651596665384,"z":-10.500974655151368},"rotation":{"x":-0.0493091456592083,"y":-0.8112674355506897,"z":0.06831089407205582,"w":-0.5790824294090271},"size":0.8648133277893066,"orthographic":false}