{"cameraMode":{"drawMode":0,"name":"Shaded","section":"Shading Mode"},"sceneLighting":false,"audioPlay":false,"sceneViewState":{"m_AlwaysRefresh":false,"showFog":true,"showSkybox":false,"showFlares":true,"showImageEffects":true,"showParticleSystems":true,"showVisualEffectGraphs":true,"m_FxEnabled":true},"in2DMode":false,"pivot":{"x":0.4956510365009308,"y":2.2745137214660646,"z":1.0327180624008179},"rotation":{"x":-0.04539521783590317,"y":-0.9550085663795471,"z":0.19631394743919373,"w":-0.21897028386592866},"size":1.1736578941345215,"orthographic":false}