{"cameraMode":{"drawMode":0,"name":"Shaded","section":"Shading Mode"},"sceneLighting":false,"audioPlay":false,"sceneViewState":{"m_AlwaysRefresh":false,"showFog":true,"showSkybox":false,"showFlares":true,"showImageEffects":true,"showParticleSystems":true,"showVisualEffectGraphs":true,"m_FxEnabled":true},"in2DMode":false,"pivot":{"x":0.04237774759531021,"y":0.1301010102033615,"z":-0.24155935645103455},"rotation":{"x":0.03571561723947525,"y":0.8671356439590454,"z":-0.06284199655056,"w":0.49343785643577578},"size":1.0913411378860474,"orthographic":false}